{
  "v01": {
    "num_frames": 100,
    "image_stats": {
      "brightness_mean": {
        "n": 100,
        "mean": 118.11650085449219,
        "std": 11.36477279663086,
        "min": 100.3123550415039,
        "max": 137.86874389648438
      },
      "brightness_std": {
        "n": 100,
        "mean": 5.191086292266846,
        "std": 1.4661474227905273,
        "min": 3.13474440574646,
        "max": 9.628427505493164
      },
      "contrast_mean": {
        "n": 100,
        "mean": 0.04055536165833473,
        "std": 0.011454276740550995,
        "min": 0.02449019066989422,
        "max": 0.07522208988666534
      },
      "sharpness": {
        "n": 100,
        "mean": 11.19216537475586,
        "std": 0.37530049681663513,
        "min": 10.41484546661377,
        "max": 12.062522888183594
      },
      "color_cast": {
        "n": 100,
        "mean": 0.0021469665225595236,
        "std": 0.0011967304162681103,
        "min": 0.00010475418821442872,
        "max": 0.0054244534112513065
      }
    },
    "ambiguity_score": {
      "n": 200,
      "mean": 0.23499998450279236,
      "std": 0.0965142548084259,
      "min": 0.10000000149011612,
      "max": 0.46000000834465027
    },
    "verification_status": {
      "confirmed": 190,
      "uncertain": 10
    },
    "class_counts": {
      "crack": 100,
      "spall": 100
    },
    "severity_counts": {
      "moderate": 170,
      "severe": 30
    }
  },
  "v02": {
    "num_frames": 25,
    "image_stats": {
      "brightness_mean": {
        "n": 25,
        "mean": 81.37421417236328,
        "std": 9.281620025634766,
        "min": 64.67332458496094,
        "max": 100.06990051269531
      },
      "brightness_std": {
        "n": 25,
        "mean": 6.5203680992126465,
        "std": 0.9322265386581421,
        "min": 4.084826946258545,
        "max": 8.004021644592285
      },
      "contrast_mean": {
        "n": 25,
        "mean": 0.0509403757750988,
        "std": 0.007283019833266735,
        "min": 0.03191271051764488,
        "max": 0.06253141909837723
      },
      "sharpness": {
        "n": 25,
        "mean": 351.20269775390625,
        "std": 148.63975524902344,
        "min": 80.50569915771484,
        "max": 640.896484375
      },
      "color_cast": {
        "n": 25,
        "mean": 0.04586298391222954,
        "std": 0.008284172043204308,
        "min": 0.027721785008907318,
        "max": 0.06123555451631546
      }
    },
    "ambiguity_score": {
      "n": 50,
      "mean": 0.5072000026702881,
      "std": 0.1544414460659027,
      "min": 0.25999999046325684,
      "max": 0.7400000095367432
    },
    "verification_status": {
      "uncertain": 34,
      "confirmed": 6,
      "needs_closeup": 10
    },
    "class_counts": {
      "crack": 25,
      "spall": 25
    },
    "severity_counts": {
      "moderate": 45,
      "minor": 5
    }
  }
}