{
  "crack_fit": {
    "num_samples": 100,
    "pixel_to_meter": 0.00156,
    "length_distribution": {
      "type": "lognormal",
      "mean_log": -1.3613273655638494,
      "std_log": 0.23447831234965802,
      "clip": [
        0.18096,
        0.40715999999999997
      ],
      "n": 100,
      "median": 0.25661999999999996,
      "p10": 0.197808,
      "p90": 0.33696000000000065
    },
    "width_distribution": {
      "type": "lognormal",
      "mean_log": 1.9108685989217509,
      "std_log": 0.2719034785286757,
      "clip": [
        4.6873933649289095,
        9.51864406779661
      ],
      "n": 100,
      "median": 7.762756455985162,
      "p10": 4.702676836492891,
      "p90": 8.808289938694562
    },
    "max_width_distribution": {
      "type": "lognormal",
      "mean_log": 2.1366747164344155,
      "std_log": 0.21935932134848793,
      "clip": [
        6.240000247955322,
        12.480000495910645
      ],
      "n": 100,
      "median": 9.360000610351562,
      "p10": 6.240000247955322,
      "p90": 9.672000598907497
    },
    "tortuosity_range": [
      0.8839086521680868,
      1.0782918026931056
    ],
    "orientation_range_deg": [
      23.25415610438744,
      173.72619229244535
    ]
  },
  "spall_fit": {
    "num_samples": 100,
    "pixel_to_meter": 0.00156,
    "area_distribution": {
      "type": "lognormal",
      "mean_log": -3.8836113802294174,
      "std_log": 0.5478477893873367,
      "clip": [
        0.0090067536,
        0.045970703999999994
      ],
      "n": 100,
      "median": 0.022419539999999998,
      "p10": 0.01066257504,
      "p90": 0.03918315024000006
    },
    "perimeter_distribution": {
      "type": "lognormal",
      "mean_log": -0.5614590547119631,
      "std_log": 0.2615018240493805,
      "clip": [
        0.37724446460723876,
        0.8237022776699066
      ],
      "n": 100,
      "median": 0.5933979383397102,
      "p10": 0.4135246946425438,
      "p90": 0.7793971637864117
    },
    "eccentricity_range": [
      0.37190422224395076,
      0.7041559776782595
    ],
    "boundary_irregularity_range": [
      0.055314629524946216,
      0.14436275362968512
    ]
  }
}